{
    "file": "wire\/modules\/Inputfield\/InputfieldPageListSelect\/InputfieldPageListSelect.module",
    "textdomain": "wire--modules--inputfield--inputfieldpagelistselect--inputfieldpagelistselect-module",
    "translations": {
        "f4ec5f57bd4d31b803312d873be40da9": {
            "text": "Modifier"
        },
        "ea4788705e6873b424c65e91c2846b19": {
            "text": "Annuler"
        },
        "e0626222614bdee31951d84c64e5e9ff": {
            "text": "S\u00e9lectionner"
        },
        "46b816f573557a53c93ac78bbcfa9493": {
            "text": "Annuler la s\u00e9lection"
        },
        "d3da97e2d9aee5c8fbe03156ad051c99": {
            "text": "Plus"
        },
        "a140a80c76193cb5a6bd75c2f9a13393": {
            "text": "S\u00e9lection d'une page unique de l'arborescence de page de ProcessWire"
        },
        "9f3f3426fca77479498742b32c7d5d31": {
            "text": "S\u00e9lection de page par liste"
        }
    }
}