{
    "file": "wire\/modules\/Process\/ProcessPageTrash.module",
    "textdomain": "wire--modules--process--processpagetrash-module",
    "translations": {
        "2f8f6dfb12d1ccfb64a4bc419130dd5a": {
            "text": "La corbeille est vide"
        },
        "1012544490a2eae7e9782116062941b6": {
            "text": "Si trop d'\u00e9l\u00e9ments sont pr\u00e9sents dans la corbeille, il se peut que vous ayez \u00e0 la vider \u00e0 plusieurs reprises."
        },
        "920202a83e840023ebf5ac6e31ccfbf3": {
            "text": "G\u00e8re le vidage de la corbeille"
        },
        "76c155bf8de0fe17853a8d8c231f72b0": {
            "text": "Corbeille de pages"
        },
        "d97ed15efb05fad91c607749ebcab79e": {
            "text": "Vous devez cocher la case pour confirmer"
        },
        "dc097f8cfcf3251cf70e684e28515eb5": {
            "text": "(%d pages par secondes)"
        },
        "7f3d24328c95805774f2fd34fc2a79e2": {
            "text": "Toutes les pages n'ont pas pu \u00eatre supprim\u00e9es (il en reste %d)"
        },
        "d7dd8da0daa978390eb2d2d08495b0f8": {
            "text": "Limite de temps atteinte (%d secondes)"
        },
        "a7ba99f8126601330132e87659987ca3": {
            "text": "Vider la corbeille (confirmer)"
        },
        "449d5f439f475ea845545769d93ec42f": {
            "text": "Pages dans la corbeille"
        },
        "b7750c7b7ef35775735ea2133810d06b": {
            "text": "Limite de temps (en secondes)"
        },
        "ea4788705e6873b424c65e91c2846b19": {
            "text": "+"
        },
        "b246b52c4b32fcf1d8ef0c6144f3fb53": {
            "text": "%d page supprim\u00e9e"
        },
        "adc38f6c0e8a0f6296294e08a2ca3c64": {
            "text": "%d pages supprim\u00e9es"
        },
        "5f489bcc97cbc73f35cbd127c5c0053a": {
            "text": "Supprimer d\u00e9finitivement %d page dans la corbeille ?"
        },
        "7d45095d03e58ce1a62afd6e0d149bf0": {
            "text": "Supprimer d\u00e9finitivement %d pages dans la corbeille ?"
        },
        "4cb363dfd90b57ce6c1b9099ec61d95e": {
            "text": "Les pages supprim\u00e9es apr\u00e8s vidage de la corbeille sont supprim\u00e9es de la base de donn\u00e9es et du syst\u00e8me de fichiers et ne peuvent plus \u00eatre restaur\u00e9es"
        }
    }
}