{
    "file": "wire\/modules\/Fieldtype\/FieldtypeRepeater\/config.php",
    "textdomain": "wire--modules--fieldtype--fieldtyperepeater--config-php",
    "translations": {
        "f41ae5ce37aeed3613288bb8c0cc3489": {
            "text": "D\u00e9finir les champs qui sont utilis\u00e9s par ce r\u00e9p\u00e9teur. Vous pouvez aussi glisser\/d\u00e9poser des champs dans l'ordre d\u00e9sir\u00e9."
        },
        "ebfc6d0dd40c27dd753e7e6dfbf18dd2": {
            "text": "\u00c9tiquettes des items du r\u00e9p\u00e9teur"
        },
        "66a81e26ad18214b582553f4d33030f2": {
            "text": "Entrez le nom du champ \u00e0 utiliser pour les \u00e9tiquettes du r\u00e9p\u00e9teur dans l'\u00e9diteur de page, ou laissez vide pour qu'il soit auto-g\u00e9n\u00e9rer."
        },
        "699a4d80b29a2b87e8bea7946afebe8e": {
            "text": "Pour utiliser plusieurs champs, ou pour utiliser votre propre format de texte, entourez les noms des champs par des {accolades}."
        },
        "c5e90fa5edbe00c619ca4d69c3692627": {
            "text": "Pour ajouter un num\u00e9ro d'index \u00e0 chaque \u00e9tiquette du r\u00e9p\u00e9teur, ajoutez un \"#n\" dans votre texte."
        },
        "4c95bcccf333bef2208b02fbd212af55": {
            "text": "Exemple : #n: {title}"
        },
        "678e17a04cd1c42a28cc8a9eff4f60c0": {
            "text": "Champs du r\u00e9p\u00e9teur"
        },
        "d347b63bb97431df68506ea3059be495": {
            "text": "\u00c9tiquette pour ajouter un nouvel item"
        },
        "db9d65ca0ad208926207fbf99636b1f4": {
            "text": "Entrez l'\u00e9tiquette \u00e0 utiliser pour le bouton \"Nouveau\", ou laissez vide pour utiliser la valeur par d\u00e9faut."
        },
        "ef9eb3b1c72a3d00e09495aa7ecf195a": {
            "text": "Visibilit\u00e9 des items du r\u00e9p\u00e9teur"
        },
        "e420623b25fa348e2155e3e2bdbf5620": {
            "text": "Les items du r\u00e9p\u00e9teur peuvent \u00eatre ouvert ou repli\u00e9s (un click pour ouvrir). Le mode repli\u00e9 convient bien pour le tri et pour voir tous les items \u00e0 la fois."
        },
        "c2d450307945339defec74620dd295d2": {
            "text": "Nouveaux items ouverts, items existants repli\u00e9s (recommand\u00e9 dans la plupart des cas)"
        },
        "0905199ed34fceff86e31adf81cbc702": {
            "text": "Items toujours ouverts (d\u00e9sactive le chargement dynamique des items existants)"
        },
        "83a9d92f04fe2ce7f34ad4e7070c61aa": {
            "text": "Items toujours repli\u00e9s"
        },
        "1c1fc75d282666eeffc288a4d82594ba": {
            "text": "Chargement dynamique (AJAX) du r\u00e9p\u00e9teur dans l'\u00e9diteur"
        },
        "78385cca5a362b333c60753b2fcf6e40": {
            "text": "Quels sont les items \u00e0 charger dynamiquement en AJAX dans l'\u00e9diteur de page ? Si un de vos r\u00e9p\u00e9teurs utilise un champ qui ne fonctionne pas avec le chargement dynamique, il peut \u00eatre n\u00e9cessaire de d\u00e9sactiver cette fonctionnalit\u00e9."
        },
        "18e57decad6ecfd57b1231426deb7f2d": {
            "text": "Items nouveaux et existants (recommand\u00e9, notamment pour les r\u00e9p\u00e9teurs qui peuvent avoir BEAUCOUP d'items)"
        },
        "e8b8b3345ab0076aaef6c21cd7ca5b79": {
            "text": "Seulement les nouveaux items (convient aux r\u00e9p\u00e9teurs qui auront seulement PEU d'items)"
        },
        "d15305d7a4e34e02489c74a5ef542f36": {
            "text": "D\u00e9sactiv\u00e9"
        },
        "2db718f06a27de2a35a889b205ef0bb4": {
            "text": "Retenir quels items du r\u00e9p\u00e9teur sont ouverts ?"
        },
        "fc47b04d62211ce6992143d1e92e2fbe": {
            "text": "Utiliser le mode accord\u00e9on ?"
        },
        "90ed744894b90ce9c561d6a428cad4ee": {
            "text": "Nombre maximal d'items"
        },
        "528f529d4617eb805a332c782f8666fe": {
            "text": "Pour limiter le nombre d'items autoris\u00e9, entrez une limite ici (0 = pas de limite)."
        },
        "f504e6acf8424e003e90434b8f4ada08": {
            "text": "Nombre minimal d'items"
        },
        "d167f14d9682362265c133aca323b335": {
            "text": "Ces items seront toujours ouverts et pr\u00eats \u00e0 l'\u00e9dition  (0 = pas de limite)."
        },
        "d0deefb333b608453cbec94b81a136de": {
            "text": "Profondeur d'item"
        },
        "e316c9556c1be5b536576ce4b27d0575": {
            "text": "Pour activer les items avec profondeur, entrez la profondeur maximale autoris\u00e9e, ou laissez vide pour ne pas activer."
        },
        "ea3a2c41fc47d9150f65147b030a3ad8": {
            "text": "Lors de l'\u00e9dition d'un r\u00e9p\u00e9teur, vous pouvez changer la profondeur d'un item en cliquant sur l'ic\u00f4ne de d\u00e9placement et en d\u00e9pla\u00e7ant l'item de droite \u00e0 gauche."
        },
        "c8a9e54dcabe5cdebed9c5bd1fa334d4": {
            "text": "Les rangs de profondeur d\u00e9butent \u00e0 0, donc une profondeur de 3 autorisent les profondeurs 0, 1, 2 et 3."
        },
        "8b3964c39c4eb2db458965c40689f5a0": {
            "text": "La profondeur peut \u00eatre acc\u00e9d\u00e9e \u00e0 partir de l'item de page r\u00e9p\u00e9teur par`$item->depth`"
        },
        "65f6a551619120fdc79329b66ab6c1fd": {
            "text": "Supprimer les items anciens (non utilis\u00e9s) du r\u00e9p\u00e9teur ?"
        },
        "9c539ab2317d7056d5d664b083557796": {
            "text": "Il y a **%d** vieux (non utilis\u00e9s) items r\u00e9p\u00e9teur, cochez cette case pour les supprimer."
        },
        "2878ed508d1b136f7b170f593c0ff00f": {
            "text": "Un item r\u00e9p\u00e9teur est consid\u00e9r\u00e9 comme vieux s'il a au moins 3 jours et qu'il n'a pas \u00e9t\u00e9 rempli ou publi\u00e9."
        },
        "cb2d417d536ac6b6d8668d272b28ca47": {
            "text": "Le champ r\u00e9p\u00e9teur \"%s\" a le param\u00e8tre \"Requis seulement si\" ce qui n'est pas support\u00e9 dans les R\u00e9p\u00e9teurs."
        },
        "5719e7cb7b73c9e6a4b7f3f49b9fd805": {
            "text": "Veuillez ajouter des champs \u00e0 ce r\u00e9p\u00e9teur dans l'onglet \"D\u00e9tails\"."
        },
        "6daa35fd97a645b8e37cae080eab3de9": {
            "text": "Ajouter un champ"
        },
        "c79558badd020f417f148d0a7751e6e4": {
            "text": "Champ \"%1$s\" ajout\u00e9 \u00e0 \"%2$s\""
        },
        "5222d983bada8088d0a86ac0ff1e5871": {
            "text": "Champ \"%1$s\" supprim\u00e9 de \"%2$s\""
        },
        "27dafd7f7794d09bc001fc0acac8e1ad": {
            "text": "%d vieux (non utilis\u00e9s) items r\u00e9p\u00e9teur supprim\u00e9s"
        },
        "b88543bf2626f096ed455b862390b4e3": {
            "text": "Utiliser une profondeur d'objet bas\u00e9e sur les familles ?"
        },
        "9b7bbf35ecde2744bc2b120d7a19e425": {
            "text": "Ce param\u00e8tre fait que l'\u00e9diteur de pages dans l'admin traite la profondeur de l'\u00e9l\u00e9ment comme une relation parent\/enfant."
        },
        "fc26899013e5130bf0f035bcb6645e36": {
            "text": "Ce qui veut dire que d\u00e9placer\/trier un item inclus ses \u00e9l\u00e9ments enfants"
        },
        "239509c1f5621ac1d950faf5de9d9111": {
            "text": "Il emp\u00eache \u00e9galement un \u00e9l\u00e9ment enfant d'\u00eatre d\u00e9plac\u00e9 vers une profondeur d'\u00e9l\u00e9ment qui d\u00e9passe son parent de plus de 1."
        },
        "8c50c81f9df1bb1d4bc5689f9a6e7204": {
            "text": "Type de repeater"
        },
        "cb1f0ec5795fd6ab9a2e980b428cfff5": {
            "text": "Lorsqu'il est \"attach\u00e9\", le repeater g\u00e9rera son propre mod\u00e8le et sa propre page parent sans que vous ayez \u00e0 le voir ou \u00e0 y penser."
        },
        "e3d6af2ddc6a90779dd75a3f9c753d7f": {
            "text": "Lorsqu'il est \"d\u00e9tach\u00e9\" vous pouvez d\u00e9placer et modifier la page parent du repeater et son mod\u00e8le comme bon vous semble"
        },
        "77e23d8e1ff8e93bfc6e188f62e409bd": {
            "text": "Notez que si \"d\u00e9tach\u00e9\" ProcessWire ne supprimera ni son parent ni son template quand\/si le champ est supprim\u00e9"
        },
        "0fe1cc90d79ebfffb11a259cc05d406d": {
            "text": "La page parent %s est maintenant d\u00e9tach\u00e9e et peut \u00eatre d\u00e9plac\u00e9e ou modifi\u00e9e."
        },
        "adaafad29d53a9d0cd52885adf34e542": {
            "text": "Profondeur(s)\/Indentation(s) du repeater"
        },
        "0c5235bde3e119593538bdd38e7d7e9f": {
            "text": "\"Oui\" (Yes) recommand\u00e9"
        },
        "1037c53410252db4ea92a9851015c46b": {
            "text": "Configuration de l'\u00e9diteur du repeater"
        },
        "193b66f657e8f7ca202b160e8e701923": {
            "text": "Si activ\u00e9, Les \u00e9l\u00e9ments du repeater restent ouverts apr\u00e8s avoir sauvegard\u00e9 ou l'actualisation de la page d'\u00e9dition (sauf si l'utilisateur les ferme)"
        },
        "d0244dd7d1408e009350fb0bef887af2": {
            "text": "Si activ\u00e9, un seul \u00e9l\u00e9ment du r\u00e9peater sera ouvert \u00e0 la fois"
        },
        "aefc9b4c2d25085021b0a1df54aeff00": {
            "text": "Quand montrer les contr\u00f4les\/actions sur les itemps du repeater"
        },
        "68eec46437c384d8dad18d5464ebc35c": {
            "text": "Toujours"
        },
        "eee0168be69b854c20621fc6f01cc3fc": {
            "text": "Au hover"
        },
        "6799fc53119a06c09eecac05d013dbf3": {
            "text": "L'option hover peut un peu am\u00e9liorer l'interface d'administration en ne montrant les actions\/contr\u00f4les (cloner, ins\u00e9rer, supprimer, etc) sur un \u00e9l\u00e9ment de repeater uniquement quand il est survol\u00e9 (hover)"
        },
        "9e6025a2fc5d0a32028e42373c622d66": {
            "text": "Notez que les contr\u00f4les sont toujours visible sur les terminaux de type touch, quelle que soit la configuration de cette option"
        },
        "ee6e6bb07faa02ed6526f941bc76b535": {
            "text": "Rangement\/stockage du repeater"
        },
        "a9bc2694fa474ffcd7962d6f71a90f08": {
            "text": "Utiliser moins de page pour le stockage"
        },
        "4f0061e295e09ef19a1f549c23b04d0c": {
            "text": "Si coch\u00e9e, les pages parents du repeater ne seront par cr\u00e9\u00e9es avant qu'au moins un \u00e9l\u00e9ment enfant du repeater n'existe"
        },
        "80bb7f5b0c8adda2dbafd0c186d3d162": {
            "text": "De plus, les pages parents du repeater seront supprim\u00e9es le cas \u00e9ch\u00e9ant"
        },
        "ea27ba365637d101a399ee5ee91c95b3": {
            "text": "Option test pour le moment (lazyParents) mais sera par d\u00e9faut \u00e0 l'avenir"
        },
        "d99d7ccd3f9f6604af4c37a3368dcac3": {
            "text": "Supprimer %d pages inutiles ?"
        },
        "fe38bd0bebd8cb2322a5fbced275bcc5": {
            "text": "Les pages inutiles suivantes on \u00e9t\u00e9 trouv\u00e9es"
        },
        "847ec015263f8b4dc8f6065f6b7c3909": {
            "text": "%d parents inutiles du repeater qui n'ot soit aucun item du repeater soit aucune page en propre."
        },
        "07077b028489c0f29f7433928bb27c32": {
            "text": "Faites toujours un backup avant une suppression en nombre"
        },
        "96508e17d64d763df5bc4f802b25e99b": {
            "text": "%d pages parents du repeater trouv\u00e9es"
        },
        "8e281790c58e48326e41a303674aab12": {
            "text": "Aucune page inutile trouv\u00e9e"
        },
        "57939466ad1ae6358cadab32c9b04c15": {
            "text": "Lalimite de %d \u00e9l\u00e9ments par requ\u00eate a \u00e9t\u00e9 atteinte, vous pourrez r\u00e9iterer cette action."
        },
        "88574909be3f083f32ba1fa6a0e4dcf1": {
            "text": "%d pages inutiles supprim\u00e9es"
        },
        "421b560a931ce0e4ec1b8018d0205b8e": {
            "text": "Trouver et optionnellement supprimer des pages inutiles"
        },
        "329e08faaa82f435d1570a807a5d07de": {
            "text": "Ouvrir\/fermer des \u00e9lements en tant que groupe (famille)"
        },
        "683cefb3e294cd3ddcf26b334b6dd982": {
            "text": "Si activ\u00e9, ouvris (ou fermer) un \u00e9l\u00e9ment du repeater ouvre aussi (ou ferme) les \u00e9l\u00e9ments qui suivent et sont visuellement des enfants de celui-ci"
        },
        "011b09153e93ecdf827b80eedee84b74": {
            "text": "Meiux combin\u00e9 avec le mode de profondeeur des \u00e9l\u00e9ments groupe\/famille"
        },
        "8b0903520e5aa78b9cb3e5627016d562": {
            "text": "Note : ce param\u00e8tre n'est pas compatible avec le mode accord\u00e9on"
        },
        "248e638a0f93c14ffe8c5b5d623ff1fe": {
            "text": "Scroller jusqu'au nouvel \u00e9l\u00e9ment quand il est ajout\u00e9"
        },
        "b9f5c797ebbf55adccdd8539a65a0241": {
            "text": "D\u00e9sactiv\u00e9"
        },
        "00d23a76e43b46dae9ec7aa9dcbebb32": {
            "text": "Activ\u00e9"
        }
    }
}